flash_id,cid,filename,ipfs_url,file_size,content_type,uploaded_at,source
77355406,QmeNWRw4zrboyVnh29gHa7NtcsrCk8CqUonoicCdrykDRT,"image_Ihz9ck5.jpg",https://gateway.pinata.cloud/ipfs/QmeNWRw4zrboyVnh29gHa7NtcsrCk8CqUonoicCdrykDRT,54323,image/jpeg,2025-08-27T02:26:52.868Z,API
77355413,Qme1z8vJtsHXPGTgh9ihwm6nCdDRe4heWfN6uARVnC7Rum,"image_GQxmtEm.jpg",https://gateway.pinata.cloud/ipfs/Qme1z8vJtsHXPGTgh9ihwm6nCdDRe4heWfN6uARVnC7Rum,54998,image/jpeg,2025-08-27T02:26:57.769Z,API
77355422,QmXvjxzqMmArxwpLxfK3ETWxYSJpMXL6kLZ478ggf4mGmC,"img_CJOvJCP.jpg",https://gateway.pinata.cloud/ipfs/QmXvjxzqMmArxwpLxfK3ETWxYSJpMXL6kLZ478ggf4mGmC,74264,image/jpeg,2025-08-27T02:27:02.536Z,API
77355435,QmUYj4zYKe82fVgam96X4Fo2junydJhkcx3m6gfbmZqf6m,"img_4RgSvE5.jpg",https://gateway.pinata.cloud/ipfs/QmUYj4zYKe82fVgam96X4Fo2junydJhkcx3m6gfbmZqf6m,112933,image/jpeg,2025-08-27T02:27:07.190Z,API
77355448,QmeoPR8jA7j9L3nN7BnAxonZRiDqtg4WRrPQsQ7JZ3LPsB,"image_Nx0uzsZ.jpg",https://gateway.pinata.cloud/ipfs/QmeoPR8jA7j9L3nN7BnAxonZRiDqtg4WRrPQsQ7JZ3LPsB,92742,image/jpeg,2025-08-27T02:27:11.709Z,API
77355481,QmPcUmjWr7pUdM4nvAgcFdB1AAELmEC2n4csTMPCRWZ8cT,"image_RuC6gnK.jpg",https://gateway.pinata.cloud/ipfs/QmPcUmjWr7pUdM4nvAgcFdB1AAELmEC2n4csTMPCRWZ8cT,105783,image/jpeg,2025-08-27T02:27:16.017Z,S3
77355522,QmNaJGP2b5indHqHvD2C32WVTuwSMWx9KqgkQ8etMLnWEc,"image_ISmNVgh.jpg",https://gateway.pinata.cloud/ipfs/QmNaJGP2b5indHqHvD2C32WVTuwSMWx9KqgkQ8etMLnWEc,110413,image/jpeg,2025-08-27T02:27:20.369Z,S3
77355527,QmfUZRSiBMMC4GZF9mQD2fogcpo8Y5qSnYrJbpwK6iwjhq,"img_ntnoVTP.jpg",https://gateway.pinata.cloud/ipfs/QmfUZRSiBMMC4GZF9mQD2fogcpo8Y5qSnYrJbpwK6iwjhq,54095,image/jpeg,2025-08-27T02:27:25.184Z,API
77355540,QmU37LFJNmdc5eGB61HYN5aaQc1jzVxf76NBPZWJcCigC9,"image_ESGHQEk.jpg",https://gateway.pinata.cloud/ipfs/QmU37LFJNmdc5eGB61HYN5aaQc1jzVxf76NBPZWJcCigC9,86276,image/jpeg,2025-08-27T02:27:29.694Z,API
77355553,QmQsD8iy9hAJMTgdggWkdfmQGxMM9HjArRgNS8sMD8JujJ,"img_ZIofpz1.jpg",https://gateway.pinata.cloud/ipfs/QmQsD8iy9hAJMTgdggWkdfmQGxMM9HjArRgNS8sMD8JujJ,87530,image/jpeg,2025-08-27T02:27:34.298Z,API
77355406,QmeNWRw4zrboyVnh29gHa7NtcsrCk8CqUonoicCdrykDRT,"image_Ihz9ck5.jpg",ipfs://QmeNWRw4zrboyVnh29gHa7NtcsrCk8CqUonoicCdrykDRT,54323,image/jpeg,2025-08-27T02:33:09.643Z,API
93849215,QmT7yif8NZevPH1wxdeEKCGvdEcvXoYedEAX8GzppA5M94,"lZEsvmWG.jpg",ipfs://QmT7yif8NZevPH1wxdeEKCGvdEcvXoYedEAX8GzppA5M94,76632,image/jpeg,2025-08-27T03:15:08.334Z,API
93849213,Qmejk4KkfEkypZcXLp1C1xQXtDiMjoEpE6qvnM6mzutMPe,"DcrAkeGD.jpg",ipfs://Qmejk4KkfEkypZcXLp1C1xQXtDiMjoEpE6qvnM6mzutMPe,74635,image/jpeg,2025-08-27T03:15:08.340Z,API
93849180,QmdMoweSfhTYV2UbXULxVdnqGkLBP8DwKvFQBVcuevk91j,"7F9tN7GQ.jpg",ipfs://QmdMoweSfhTYV2UbXULxVdnqGkLBP8DwKvFQBVcuevk91j,75397,image/jpeg,2025-08-27T03:15:08.340Z,API
93849188,QmPYC16DDonjhXhmSvzp1KXCSJaEQFYeY9BYFVJZYe66LD,"sae1aX7a.jpg",ipfs://QmPYC16DDonjhXhmSvzp1KXCSJaEQFYeY9BYFVJZYe66LD,85577,image/jpeg,2025-08-27T03:15:08.341Z,API
93849188,QmPYC16DDonjhXhmSvzp1KXCSJaEQFYeY9BYFVJZYe66LD,"sae1aX7a.jpg",ipfs://QmPYC16DDonjhXhmSvzp1KXCSJaEQFYeY9BYFVJZYe66LD,85577,image/jpeg,2025-08-27T03:15:08.499Z,API
93849176,QmUcXjLp8rVoNiSyvfUVWTyS8xE7RQhfXXLGnaUHnQGQSx,"f95rBkR5.jpg",ipfs://QmUcXjLp8rVoNiSyvfUVWTyS8xE7RQhfXXLGnaUHnQGQSx,68608,image/jpeg,2025-08-27T03:15:08.506Z,API
93849163,QmPpRWTMKYSfozP3svo4Mnd6An8KN1qGKCjiYrohzaWpZH,"aaO3ZC5B.jpg",ipfs://QmPpRWTMKYSfozP3svo4Mnd6An8KN1qGKCjiYrohzaWpZH,59072,image/jpeg,2025-08-27T03:15:08.641Z,API
93849183,QmbLRHYwR23cLjZJ3k5D4wcGSSWZPf22qGehvrSXqHD4o1,"vWGufceV.jpg",ipfs://QmbLRHYwR23cLjZJ3k5D4wcGSSWZPf22qGehvrSXqHD4o1,38681,image/jpeg,2025-08-27T03:15:08.657Z,API
93849166,QmbMN2U1rwsBLbU71A6rSExLT3htkGbxRfkz9eg9rZwb52,"YRzjgnn0.jpg",ipfs://QmbMN2U1rwsBLbU71A6rSExLT3htkGbxRfkz9eg9rZwb52,75185,image/jpeg,2025-08-27T03:15:09.880Z,API
93849188,QmPYC16DDonjhXhmSvzp1KXCSJaEQFYeY9BYFVJZYe66LD,"sae1aX7a.jpg",ipfs://QmPYC16DDonjhXhmSvzp1KXCSJaEQFYeY9BYFVJZYe66LD,85577,image/jpeg,2025-08-27T03:15:12.480Z,API
93849163,QmPpRWTMKYSfozP3svo4Mnd6An8KN1qGKCjiYrohzaWpZH,"aaO3ZC5B.jpg",ipfs://QmPpRWTMKYSfozP3svo4Mnd6An8KN1qGKCjiYrohzaWpZH,59072,image/jpeg,2025-08-27T03:15:12.641Z,API
93849213,Qmejk4KkfEkypZcXLp1C1xQXtDiMjoEpE6qvnM6mzutMPe,"DcrAkeGD.jpg",ipfs://Qmejk4KkfEkypZcXLp1C1xQXtDiMjoEpE6qvnM6mzutMPe,74635,image/jpeg,2025-08-27T03:15:14.808Z,API
93849183,QmbLRHYwR23cLjZJ3k5D4wcGSSWZPf22qGehvrSXqHD4o1,"vWGufceV.jpg",ipfs://QmbLRHYwR23cLjZJ3k5D4wcGSSWZPf22qGehvrSXqHD4o1,38681,image/jpeg,2025-08-27T03:15:16.125Z,API
93849188,QmPYC16DDonjhXhmSvzp1KXCSJaEQFYeY9BYFVJZYe66LD,"sae1aX7a.jpg",ipfs://QmPYC16DDonjhXhmSvzp1KXCSJaEQFYeY9BYFVJZYe66LD,85577,image/jpeg,2025-08-27T03:15:18.604Z,API
93849213,Qmejk4KkfEkypZcXLp1C1xQXtDiMjoEpE6qvnM6mzutMPe,"DcrAkeGD.jpg",ipfs://Qmejk4KkfEkypZcXLp1C1xQXtDiMjoEpE6qvnM6mzutMPe,74635,image/jpeg,2025-08-27T03:15:19.802Z,API
93849188,QmPYC16DDonjhXhmSvzp1KXCSJaEQFYeY9BYFVJZYe66LD,"sae1aX7a.jpg",ipfs://QmPYC16DDonjhXhmSvzp1KXCSJaEQFYeY9BYFVJZYe66LD,85577,image/jpeg,2025-08-27T03:15:25.232Z,API
93849188,QmPYC16DDonjhXhmSvzp1KXCSJaEQFYeY9BYFVJZYe66LD,"sae1aX7a.jpg",ipfs://QmPYC16DDonjhXhmSvzp1KXCSJaEQFYeY9BYFVJZYe66LD,85577,image/jpeg,2025-08-27T03:15:32.994Z,API
93849243,QmUJkzHpVrFB1LNyS4qmMbD5AbAHLwLSKcugeLmnQWDUXc,"iQMJRvks.jpg",ipfs://QmUJkzHpVrFB1LNyS4qmMbD5AbAHLwLSKcugeLmnQWDUXc,42825,image/jpeg,2025-08-27T03:17:54.686Z,API
93849243,QmUJkzHpVrFB1LNyS4qmMbD5AbAHLwLSKcugeLmnQWDUXc,"iQMJRvks.jpg",ipfs://QmUJkzHpVrFB1LNyS4qmMbD5AbAHLwLSKcugeLmnQWDUXc,42825,image/jpeg,2025-08-27T03:17:57.413Z,API
93849246,Qma92DyYfDhcBfLspQzCHhxyDZ7iLZjvZKKsJAUP35gfSL,"g9IxeEZT.jpg",ipfs://Qma92DyYfDhcBfLspQzCHhxyDZ7iLZjvZKKsJAUP35gfSL,45991,image/jpeg,2025-08-27T03:30:14.034Z,API
93849247,QmVi3AKKbKWvEmxSsXwq2JxWF2YyGGztEioHP3hmtdbrJs,"6WuEX84T.jpg",ipfs://QmVi3AKKbKWvEmxSsXwq2JxWF2YyGGztEioHP3hmtdbrJs,66619,image/jpeg,2025-08-27T03:30:14.036Z,API
93849250,QmVVhtydVdTJWMRfXc1gMwZ8ksey5w63W6Wv7FLvAZHt11,"iP6MjTSn.jpg",ipfs://QmVVhtydVdTJWMRfXc1gMwZ8ksey5w63W6Wv7FLvAZHt11,71111,image/jpeg,2025-08-27T03:30:14.036Z,API
93849248,QmTeeiH8KFjzPHt2nEQygJvNtF6cJeasP9B9j5NCwCgUD9,"UesVMcps.jpg",ipfs://QmTeeiH8KFjzPHt2nEQygJvNtF6cJeasP9B9j5NCwCgUD9,46733,image/jpeg,2025-08-27T03:30:14.340Z,API
93849252,QmdyCZmSu8nMhcRVXpxC1DtjPtCuWECeHmEAcoErCJsERz,"KzaZAK2R.jpg",ipfs://QmdyCZmSu8nMhcRVXpxC1DtjPtCuWECeHmEAcoErCJsERz,92254,image/jpeg,2025-08-27T03:30:15.161Z,API
93849256,QmYGgEE2hPAu8xH7M5VmJKdYLRwvmgPYktrUY6iCo2ZhSU,"gUadVynk.jpg",ipfs://QmYGgEE2hPAu8xH7M5VmJKdYLRwvmgPYktrUY6iCo2ZhSU,96932,image/jpeg,2025-08-27T03:30:15.260Z,API
93849256,QmYGgEE2hPAu8xH7M5VmJKdYLRwvmgPYktrUY6iCo2ZhSU,"gUadVynk.jpg",ipfs://QmYGgEE2hPAu8xH7M5VmJKdYLRwvmgPYktrUY6iCo2ZhSU,96932,image/jpeg,2025-08-27T03:30:15.300Z,API
93849252,QmdyCZmSu8nMhcRVXpxC1DtjPtCuWECeHmEAcoErCJsERz,"KzaZAK2R.jpg",ipfs://QmdyCZmSu8nMhcRVXpxC1DtjPtCuWECeHmEAcoErCJsERz,92254,image/jpeg,2025-08-27T03:30:15.319Z,API
93849245,QmWPPdVgREbwQxVih8kzGErk6Yf2EKiGbvYAsJxBaUCXUC,"i9odsef7.jpg",ipfs://QmWPPdVgREbwQxVih8kzGErk6Yf2EKiGbvYAsJxBaUCXUC,77823,image/jpeg,2025-08-27T03:30:15.837Z,API
93849252,QmdyCZmSu8nMhcRVXpxC1DtjPtCuWECeHmEAcoErCJsERz,"KzaZAK2R.jpg",ipfs://QmdyCZmSu8nMhcRVXpxC1DtjPtCuWECeHmEAcoErCJsERz,92254,image/jpeg,2025-08-27T03:30:18.646Z,API
93849247,QmVi3AKKbKWvEmxSsXwq2JxWF2YyGGztEioHP3hmtdbrJs,"6WuEX84T.jpg",ipfs://QmVi3AKKbKWvEmxSsXwq2JxWF2YyGGztEioHP3hmtdbrJs,66619,image/jpeg,2025-08-27T03:30:20.502Z,API
93849252,QmdyCZmSu8nMhcRVXpxC1DtjPtCuWECeHmEAcoErCJsERz,"KzaZAK2R.jpg",ipfs://QmdyCZmSu8nMhcRVXpxC1DtjPtCuWECeHmEAcoErCJsERz,92254,image/jpeg,2025-08-27T03:30:20.915Z,API
93849245,QmWPPdVgREbwQxVih8kzGErk6Yf2EKiGbvYAsJxBaUCXUC,"i9odsef7.jpg",ipfs://QmWPPdVgREbwQxVih8kzGErk6Yf2EKiGbvYAsJxBaUCXUC,77823,image/jpeg,2025-08-27T03:30:22.195Z,API
93849252,QmdyCZmSu8nMhcRVXpxC1DtjPtCuWECeHmEAcoErCJsERz,"KzaZAK2R.jpg",ipfs://QmdyCZmSu8nMhcRVXpxC1DtjPtCuWECeHmEAcoErCJsERz,92254,image/jpeg,2025-08-27T03:30:24.623Z,API
93849252,QmdyCZmSu8nMhcRVXpxC1DtjPtCuWECeHmEAcoErCJsERz,"KzaZAK2R.jpg",ipfs://QmdyCZmSu8nMhcRVXpxC1DtjPtCuWECeHmEAcoErCJsERz,92254,image/jpeg,2025-08-27T03:30:25.154Z,API
93849252,QmdyCZmSu8nMhcRVXpxC1DtjPtCuWECeHmEAcoErCJsERz,"KzaZAK2R.jpg",ipfs://QmdyCZmSu8nMhcRVXpxC1DtjPtCuWECeHmEAcoErCJsERz,92254,image/jpeg,2025-08-27T03:30:28.776Z,API
93849252,QmdyCZmSu8nMhcRVXpxC1DtjPtCuWECeHmEAcoErCJsERz,"KzaZAK2R.jpg",ipfs://QmdyCZmSu8nMhcRVXpxC1DtjPtCuWECeHmEAcoErCJsERz,92254,image/jpeg,2025-08-27T03:30:34.408Z,API
77355413,Qme1z8vJtsHXPGTgh9ihwm6nCdDRe4heWfN6uARVnC7Rum,"image_GQxmtEm.jpg",ipfs://Qme1z8vJtsHXPGTgh9ihwm6nCdDRe4heWfN6uARVnC7Rum,54998,image/jpeg,2025-08-27T15:25:12.431Z,API
92933834,QmPayFqtbyTK4bR92X3yRecJMUY7BgjhyQXwvU5yd5enc1,"3YhIrxAe.jpg",ipfs://QmPayFqtbyTK4bR92X3yRecJMUY7BgjhyQXwvU5yd5enc1,56444,image/jpeg,2025-08-27T15:31:16.522Z,API
